1,4,ALARM_GET,2000
2,5,ALARM_REPORT,2000
3,6,ALARM_SET,2000
4,7,ALARM_TYPE_SUPPORTED_GET,2000
5,8,ALARM_TYPE_SUPPORTED_REPORT,2000
6,1,SENSOR_ALARM_GET,156
7,2,SENSOR_ALARM_REPORT,156
8,3,SENSOR_ALARM_SUPPORTED_GET,156
9,4,SENSOR_ALARM_SUPPORTED_REPORT,156
10,1,SENSOR_ALARM_SET,157
11,1,SWITCH_ALL_SET,39
12,2,SWITCH_ALL_GET,39
13,3,SWITCH_ALL_REPORT,39
14,4,SWITCH_ALL_ON,39
15,5,SWITCH_ALL_OFF,39
16,1,ANTITHEFT_SET,93
17,2,ANTITHEFT_GET,93
18,3,ANTITHEFT_REPORT,93
19,1,COMMAND_ANTITHEFT_UNLOCK_STATE_GET ,126
20,2,COMMAND_ANTITHEFT_UNLOCK_STATE_REPORT,126
21,3,COMMAND_ANTITHEFT_UNLOCK_SET,126
22,1,COMMAND_COMMAND_CLASS_NOT_SUPPORTED,87
23,1,APPLICATION_BUSY,34
24,2,APPLICATION_REJECTED_REQUEST,34
25,1,ASSOCIATION_SET,133
26,2,ASSOCIATION_GET,133
27,3,ASSOCIATION_REPORT,133
28,4,ASSOCIATION_REMOVE,133
29,5,ASSOCIATION_GROUPINGS_GET,133
30,6,ASSOCIATION_GROUPINGS_REPORT,133
31,11,ASSOCIATION_SPECIFIC_GROUP_GET,133
32,12,ASSOCIATION_SPECIFIC_GROUP_REPORT,133
33,1,COMMAND_RECORDS_SUPPORTED_GET,155
34,2,COMMAND_RECORDS_SUPPORTED_REPORT,155
35,3,COMMAND_CONFIGURATION_SET,155
36,4,COMMAND_CONFIGURATION_GET,155
37,5,COMMAND_CONFIGURATION_REPORT,155
38,1,ASSOCIATION_GROUP_NAME_GET,89
39,2,ASSOCIATION_GROUP_NAME_REPORT,89
40,3,ASSOCIATION_GROUP_INFO_GET,89
41,4,ASSOCIATION_GROUP_INFO_REPORT,89
42,5,ASSOCIATION_GROUP_COMMAND_LIST_GET,89
43,6,ASSOCIATION_GROUP_COMMAND_LIST_REPORT,89
44,1,AUTHENTICATION_CAPABILITIES_GET,161
45,2,AUTHENTICATION_CAPABILITIES_REPORT,161
46,3,AUTHENTICATION_DATA_SET,161
47,4,AUTHENTICATION_DATA_GET,161
48,5,AUTHENTICATION_DATA_REPORT,161
49,6,AUTHENTICATION_TECHNOLOGIES_COMBINATION_SET,161
50,7,AUTHENTICATION_TECHNOLOGIES_COMBINATION_GET,161
51,8,AUTHENTICATION_TECHNOLOGIES_COMBINATION_REPORT,161
52,9,AUTHENTICATION_CHECKSUM_GET,161
53,15,AUTHENTICATION_DATA_CHECKSUM_REPORT,161
54,1,AUTHENTICATION_MEDIA_CAPABILITIES_GET,162
55,2,AUTHENTICATION_MEDIA_CAPABILITIES_REPORT,162
56,3,AUTHENTICATION_MEDIA_WRITE_START,162
57,4,AUTHENTICATION_MEDIA_WRITE_STOP,162
58,5,AUTHENTICATION_MEDIA_WRITE_STATUS,162
59,1,BARRIER_OPERATOR_SET,102
60,2,BARRIER_OPERATOR_GET,102
61,3,BARRIER_OPERATOR_REPORT,102
62,4,BARRIER_OPERATOR_SIGNAL_SUPPORTED_GET,102
63,5,BARRIER_OPERATOR_SIGNAL_SUPPORTED_REPORT,102
64,6,BARRIER_OPERATOR_SIGNAL_SET,102
65,7,BARRIER_OPERATOR_SIGNAL_GET,102
66,8,BARRIER_OPERATOR_SIGNAL_REPORT,102
67,1,BASIC_SET ,32
68,2,BASIC_GET,32
69,3,BASIC_REPORT,32
70,1,BASIC_TARIFF_INFO_GET,54
71,2,BASIC_TARIFF_INFO_REPORT,54
72,1,BASIC_WINDOW_COVERING_START_LEVEL_CHANGE,80
73,2,BASIC_WINDOW_COVERING_STOP_LEVEL_CHANGE,80
74,2,BATTERY_GET,128
75,3,BATTERY_REPORT,128
76,4,BATTERY_HEALTH_GET,128
77,5,BATTERY_HEALTH_REPORT,128
78,2,SENSOR_BINARY_GET,48
79,3,SENSOR_BINARY_REPORT,48
80,1,SENSOR_BINARY_SUPPORTED_GET_SENSOR,48
81,4,SENSOR_BINARY_SUPPORTED_SENSOR_REPORT,48
82,1,SWITCH_BINARY_SET,37
83,2,SWITCH_BINARY_GET,37
84,3,SWITCH_BINARY_REPORT,37
85,1,SWITCH_TOGGLE_BINARY_SET,40
86,2,SWITCH_TOGGLE_BINARY_GET,40
87,3,SWITCH_TOGGLE_BINARY_REPORT,40
88,1,SCHEDULE_SET,70
89,2,SCHEDULE_GET,70
90,3,SCHEDULE_REPORT,70
91,4,SCHEDULE_CHANGED_GET,70
92,5,SCHEDULE_CHANGED_REPORT,70
93,6,SCHEDULE_OVERRIDE_SET,70
94,7,SCHEDULE_OVERRIDE_GET,70
95,8,SCHEDULE_OVERRIDE_REPORT,70
96,1,CENTRAL_SCENE_SUPPORTED_GET,91
97,2,CENTRAL_SCENE_SUPPORTED_REPORT,91
98,3,CENTRAL_SCENE_NOTIFICATION,91
99,4,CENTRAL_SCENE_CONFIGURATION_SET,91
100,5,CENTRAL_SCENE_CONFIGURATION_GET,91
101,6,CENTRAL_SCENE_CONFIGURATION_REPORT,91
102,4,CLOCK_SET,129
103,5,CLOCK_GET,129
104,6,CLOCK_REPORT,129
105,1,SWITCH_COLOR_SUPPORTED_GET,51
106,2,SWITCH_COLOR_SUPPORTED_REPORT,51
107,3,SWITCH_COLOR_GET,51
108,4,SWITCH_COLOR_REPORT,51
109,5,SWITCH_COLOR_SET,51
110,6,SWITCH_COLOR_START_LEVEL_CHANGE,51
111,7,SWITCH_COLOR_STOP_LEVEL_CHANGE,51
112,4,CONFIGURATION_SET,112
113,5,CONFIGURATION_GET,112
114,6,CONFIGURATION_REPORT,112
115,7,CONFIGURATION_BULK_SET,112
116,8,CONFIGURATION_BULK_GET,112
117,9,CONFIGURATION_BULK_REPORT,112
118,10,CONFIGURATION_NAME_GET,112
119,11,CONFIGURATION_NAME_REPORT,112
120,12,CONFIGURATION_INFO_GET,112
121,13,CONFIGURATION_INFO_REPORT,112
122,14,CONFIGURATION_PROPERTIES_GET,112
123,15,CONFIGURATION_PROPERTIES_REPORT,112
124,1,CONFIGURATION_DEFAULT_RESET,112
125,49,CTRL_REPLICATION_TRANSFER_GROUP,33
126,50,CTRL_REPLICATION_TRANSFER_GROUP_NAME,33
127,51,CTRL_REPLICATION_TRANSFER_SCENE,33
128,52,CTRL_REPLICATION_TRANSFER_SCENE_NAME,33
129,1,CRC_16_ENCAP,86
130,1,DCP_LIST_SUPPORTED_GET,58
131,2,DCP_LIST_SUPPORTED_REPORT,58
132,3,DCP_LIST_SET,58
133,4,DCP_LIST_REMOVE,58
134,1,DCP_LIST_GET,59
135,2,DCP_LIST_REPORT,59
136,3,DCP_EVENT_STATUS_GET,59
137,4,DCP_EVENT_STATUS_REPORT,59
138,1,DEVICE_RESET_LOCALLY_NOTIFICATION,90
139,1,DOOR_LOCK_OPERATION_SET,98
140,2,DOOR_LOCK_OPERATION_GET,98
141,3,DOOR_LOCK_OPERATION_REPORT,98
142,4,DOOR_LOCK_CONFIGURATION_SET,98
143,5,DOOR_LOCK_CONFIGURATION_GET,98
144,6,DOOR_LOCK_CONFIGURATION_REPORT,98
145,7,DOOR_LOCK_CAPABILITIES_GET ,98
146,8,DOOR_LOCK_CAPABILITIES_REPORT,98
147,1,DOOR_LOCK_LOGGING_RECORDS_SUPPORTED_GET,76
148,2,DOOR_LOCK_LOGGING_RECORDS_SUPPORTED_REPORT,76
149,3,RECORD_GET,76
150,4,RECORD_REPORT,76
151,2,ENERGY_PRODUCTION_GET,144
152,3,ENERGY_PRODUCTION_REPORT,144
153,1,ENTRY_CONTROL_NOTIFICATION,111
154,2,ENTRY_CONTROL_KEY_SUPPORTED_GET,111
155,3,ENTRY_CONTROL_KEY_SUPPORTED_REPORT,111
156,4,ENTRY_CONTROL_EVENT_SUPPORTED_GET,111
157,5,ENTRY_CONTROL_EVENT_SUPPORTED_REPORT,111
158,6,ENTRY_CONTROL_CONFIGURATION_SET,111
159,7,ENTRY_CONTROL_CONFIGURATION_GET,111
160,8,ENTRY_CONTROL_CONFIGURATION_REPORT,111
161,1,FIRMWARE_MD_GET,122
162,2,FIRMWARE_MD_REPORT,122
163,3,FIRMWARE_UPDATE_MD_REQUEST_GET,122
164,4,FIRMWARE_UPDATE_MD_REQUEST_REPORT,122
165,5,FIRMWARE_UPDATE_MD_GET,122
166,6,FIRMWARE_UPDATE_MD_REPORT,122
167,7,FIRMWARE_UPDATE_MD_STATUS_REPORT,122
168,8,FIRMWARE_UPDATE_ACTIVATION_SET,122
169,9,FIRMWARE_UPDATE_ACTIVATION_STATUS_REPORT,122
170,10,FIRMWARE_UPDATE_MD_PREPARE_GET,122
171,11,FIRMWARE_UPDATE_MD_PREPARE_REPORT,122
172,1,GENERIC_SCHEDULE_CAPABILITIES_GET,163
173,2,GENERIC_SCHEDULE_CAPABILITIES_REPORT,163
174,3,GENERIC_SCHEDULE_TIME_RANGE_SET,163
175,4,GENERIC_SCHEDULE_TIME_RANGE_GET,163
176,5,GENERIC_SCHEDULE_TIME_RANGE_REPORT,163
177,6,GENERIC_SCHEDULE_SET,163
178,7,GENERIC_SCHEDULE_GET,163
179,8,GENERIC_SCHEDULE_REPORT,163
180,1,GEOGRAPHIC_LOCATION_SET,140
181,2,GEOGRAPHIC_LOCATION_GET,140
182,3,GEOGRAPHIC_LOCATION_REPORT,140
183,1,GROUPING_NAME_SET,123
184,2,GROUPING_NAME_GET,123
185,3,GROUPING_NAME_REPORT,123
186,1,HAIL,130
187,1,HRV_STATUS_GET,55
188,2,HRV_STATUS_REPORT,55
189,3,HRV_STATUS_SUPPORTED_GET,55
190,4,HRV_STATUS_SUPPORTED_REPORT,55
191,1,HRV_CONTROL_MODE_SET,57
192,2,HRV_CONTROL_MODE_GET,57
193,3,HRV_CONTROL_MODE_REPORT,57
194,4,HRV_CONTROL_BYPASS_SET,57
195,5,HRV_CONTROL_BYPASS_GET,57
196,6,HRV_CONTROL_BYPASS_REPORT,57
197,7,HRV_CONTROL_VENTILATION_RATE_SET,57
198,8,HRV_CONTROL_VENTILATION_RATE_GET,57
199,9,HRV_CONTROL_VENTILATION_RATE_REPORT,57
200,10,HRV_CONTROL_MODE_SUPPORTED_GET,57
201,11,HRV_CONTROL_MODE_SUPPORTED_REPORT,57
202,1,HUMIDITY_CONTROL_MODE_SET,109
203,2,HUMIDITY_CONTROL_MODE_GET,109
204,3,HUMIDITY_CONTROL_MODE_REPORT,109
205,4,HUMIDITY_CONTROL_MODE_SUPPORTED_GET,109
206,5,HUMIDITY_CONTROL_MODE_SUPPORTED_REPORT,109
207,1,HUMIDITY_CONTROL_OPERATING_STATE_GET,110
208,2,HUMIDITY_CONTROL_OPERATING_STATE_REPORT,110
209,1,HUMIDITY_CONTROL_SETPOINT_SET,100
210,2,HUMIDITY_CONTROL_SETPOINT_GET,100
211,3,HUMIDITY_CONTROL_SETPOINT_REPORT,100
212,4,HUMIDITY_CONTROL_SETPOINT_SUPPORTED_GET,100
213,5,HUMIDITY_CONTROL_SETPOINT_SUPPORTED_REPORT,100
214,6,HUMIDITY_CONTROL_SETPOINT_SCALE_SUPPORTED_GET,100
215,7,HUMIDITY_CONTROL_SETPOINT_SCALE_SUPPORTED_REPORT,100
216,8,HUMIDITY_CONTROL_SETPOINT_CAPABILITIES_GET,100
217,9,HUMIDITY_CONTROL_SETPOINT_CAPABILITIES_REPORT,100
218,1,INITIATE,116
219,2,COMPLETE,116
220,1,INDICATOR_SET,135
221,2,INDICATOR_GET,135
222,3,INDICATOR_REPORT,135
223,2,INDICATOR_SUPPORTED_GET,135
224,3,INDICATOR_SUPPORTED_REPORT,135
225,4,INDICATOR_DESCRIPTION_GET,135
226,5,INDICATOR_DESCRIPTION_REPORT,135
227,1,IP_CONFIGURATION_SET,154
228,2,IP_CONFIGURATION_GET,154
229,3,IP_CONFIGURATION_REPORT,154
230,4,IP_CONFIGURATION_RELEASE,154
231,5,IP_CONFIGURATION_RENEW,154
232,1,IR_REPEATER_CAPABILITIES_GET ,160
233,2,IR_REPEATER_CAPABILITIES_REPORT,160
234,3,IR_REPEATER_IR_CODE_LEARNING_START ,160
235,4,IR_REPEATER_IR_CODE_LEARNING_STOP,160
236,5,IR_REPEATER_IR_CODE_LEARNING_STATUS,160
237,6,IR_REPEATER_LEARNT_IR_CODE_REMOVE,160
238,7,IR_REPEATER_LEARNT_IR_CODE_GET,160
239,8,IR_REPEATER_LEARNT_IR_CODE_REPORT ,160
240,9,IR_REPEATER_LEARNT_IR_CODE_READBACK_GET,160
241,10,IR_REPEATER_LEARNT_IR_CODE_READBACK_REPORT,160
242,11,IR_REPEATER_CONFIGURATION_SET ,160
243,12,IR_REPEATER_CONFIGURATION_GET,160
244,13,IR_REPEATER_CONFIGURATION_REPORT,160
245,14,IR_REPEATER_REPEAT_LEARNT_CODE,160
246,15,IR_REPEATER_REPEAT,160
247,1,IRRIGATION_SYSTEM_INFO_GET,107
248,2,IRRIGATION_SYSTEM_INFO_REPORT,107
249,3,IRRIGATION_SYSTEM_STATUS_GET,107
250,4,IRRIGATION_SYSTEM_STATUS_REPORT,107
251,5,IRRIGATION_SYSTEM_CONFIG_SET,107
252,6,IRRIGATION_SYSTEM_CONFIG_GET,107
253,7,IRRIGATION_SYSTEM_CONFIG_REPORT,107
254,8,IRRIGATION_VALVE_INFO_GET,107
255,9,IRRIGATION_VALVE_INFO_REPORT,107
256,10,IRRIGATION_VALVE_CONFIG_SET,107
257,11,IRRIGATION_VALVE_CONFIG_GET,107
258,12,IRRIGATION_VALVE_CONFIG_REPORT,107
259,13,IRRIGATION_VALVE_RUN,107
260,14,IRRIGATION_VALVE_TABLE_SET,107
261,15,IRRIGATION_VALVE_TABLE_GET,107
262,16,IRRIGATION_VALVE_TABLE_REPORT,107
263,17,IRRIGATION_VALVE_TABLE_RUN,107
264,18,IRRIGATION_SYSTEM_SHUTOFF,107
265,1,LANGUAGE_SET,137
266,2,LANGUAGE_GET,137
267,3,LANGUAGE_REPORT,137
268,1,LOCK_SET,118
269,2,LOCK_GET,118
270,3,LOCK_REPORT,118
271,1,MAILBOX_CONFIGURATION_GET,105
272,2,MAILBOX_CONFIGURATION_SET,105
273,3,MAILBOX_CONFIGURATION_REPORT,105
274,4,MAILBOX_QUEUE,105
275,5,MAILBOX_WAKEUP_NOTIFICATION,105
276,6,MAILBOX_NODE_FAILING,105
277,4,MANUFACTURER_SPECIFIC_GET,114
278,5,MANUFACTURER_SPECIFIC_REPORT,114
279,6,DEVICE_SPECIFIC_GET,114
280,7,DEVICE_SPECIFIC_REPORT,114
281,1,METER_GET,50
282,2,METER_REPORT,50
283,3,METER_SUPPORTED_GET,50
284,4,METER_SUPPORTED_REPORT,50
285,5,METER_RESET,50
286,1,METER_TBL_TABLE_POINT_ADM_NO_SET,60
287,1,METER_TBL_TABLE_POINT_ADM_NO_GET,61
288,2,METER_TBL_TABLE_POINT_ADM_NO_REPORT,61
289,3,METER_TBL_TABLE_ID_GET,61
290,4,METER_TBL_TABLE_ID_REPORT,61
291,5,METER_TBL_TABLE_CAPABILITY_GET,61
292,6,METER_TBL_REPORT,61
293,7,METER_TBL_STATUS_SUPPORTED_GET,61
294,8,METER_TBL_STATUS_SUPPORTED_REPORT,61
295,9,METER_TBL_STATUS_DEPTH_GET,61
296,10,METER_TBL_STATUS_DATE_GET,61
297,11,METER_TBL_STATUS_REPORT,61
298,12,METER_TBL_CURRENT_DATA_GET,61
299,13,METER_TBL_CURRENT_DATA_REPORT,61
300,14,METER_TBL_HISTORICAL_DATA_GET,61
301,15,METER_TBL_HISTORICAL_DATA_REPORT,61
302,1,METER_TBL_PUSH_CONFIGURATION_SET,62
303,2,METER_TBL_PUSH_CONFIGURATION_GET,62
304,3,METER_TBL_PUSH_CONFIGURATION_REPORT,62
305,1,MOVE_TO_POSITION_SET,81
306,2,MOVE_TO_POSITION_GET,81
307,3,MOVE_TO_POSITION_REPORT,81
308,7,MULTI_CHANNEL_END_POINT_GET,96
309,8,MULTI_CHANNEL_END_POINT_REPORT,96
310,9,MULTI_CHANNEL_CAPABILITY_GET,96
311,10,MULTI_CHANNEL_CAPABILITY_REPORT,96
312,11,MULTI_CHANNEL_END_POINT_FIND,96
313,12,MULTI_CHANNEL_END_POINT_FIND_REPORT,96
314,13,MULTI_CHANNEL_CMD_ENCAP,96
315,14,MULTI_CHANNEL_AGGREGATED_MEMBERS_GET,96
316,15,MULTI_CHANNEL_AGGREGATED_MEMBERS_REPORT,96
317,1,MULTI_CHANNEL_ASSOCIATION_SET,142
318,2,MULTI_CHANNEL_ASSOCIATION_GET,142
319,3,MULTI_CHANNEL_ASSOCIATION_REPORT,142
320,4,MULTI_CHANNEL_ASSOCIATION_REMOVE,142
321,5,MULTI_CHANNEL_ASSOCIATION_GROUPINGS_GET,142
322,6,MULTI_CHANNEL_ASSOCIATION_GROUPINGS_REPORT,142
323,1,MULTI_CMD_ENCAP,143
324,1,SENSOR_MULTILEVEL_SUPPORTED_GET_SENSOR,49
325,2,SENSOR_MULTILEVEL_SUPPORTED_SENSOR_REPORT,49
326,3,SENSOR_MULTILEVEL_SUPPORTED_GET_SCALE,49
327,4,SENSOR_MULTILEVEL_GET,49
328,5,SENSOR_MULTILEVEL_REPORT,49
329,6,SENSOR_MULTILEVEL_SUPPORTED_SCALE_REPORT,49
330,1,SWITCH_MULTILEVEL_SET,38
331,2,SWITCH_MULTILEVEL_GET,38
332,3,SWITCH_MULTILEVEL_REPORT,38
333,4,SWITCH_MULTILEVEL_START_LEVEL_CHANGE,38
334,5,SWITCH_MULTILEVEL_STOP_LEVEL_CHANGE,38
335,6,SWITCH_MULTILEVEL_SUPPORTED_GET,38
336,7,SWITCH_MULTILEVEL_SUPPORTED_REPORT,38
337,1,SWITCH_TOGGLE_MULTILEVEL_SET,41
338,2,SWITCH_TOGGLE_MULTILEVEL_GET,41
339,3,SWITCH_TOGGLE_MULTILEVEL_REPORT,41
340,4,SWITCH_TOGGLE_MULTILEVEL_START_LEVEL_CHANGE,41
341,5,SWITCH_TOGGLE_MULTILEVEL_STOP_LEVEL_CHANGE,41
342,1,COMMAND_LEARN_MODE_SET,77
343,2,COMMAND_LEARN_MODE_SET_STATUS,77
344,3,COMMAND_NETWORK_UPDATE_REQUEST,77
345,4,COMMAND_NETWORK_UPDATE_REQUEST_STATUS,77
346,5,COMMAND_NODE_INFORMATION_SEND,77
347,6,COMMAND_DEFAULT_SET,77
348,7,COMMAND_DEFAULT_SET_COMPLETE,77
349,8,COMMAND_DSK_GET,77
350,9,COMMAND_DSK_REPORT,77
351,1,COMMAND_NODE_ADD,52
352,2,COMMAND_NODE_ADD_STATUS,52
353,3,COMMAND_NODE_REMOVE,52
354,4,COMMAND_NODE_REMOVE_STATUS,52
355,7,COMMAND_FAILED_NODE_REMOVE,52
356,8,COMMAND_FAILED_NODE_REMOVE_STATUS,52
357,9,COMMAND_FAILED_NODE_REPLACE,52
358,10,COMMAND_FAILED_NODE_REPLACE_STATUS,52
359,11,COMMAND_NODE_NEIGHBOR_UPDATE_REQUEST,52
360,12,COMMAND_NODE_NEIGHBOR_UPDATE_STATUS,52
361,13,COMMAND_RETURN_ROUTE_ASSIGN,52
362,14,COMMAND_RETURN_ROUTE_ASSIGN_COMPLETE,52
363,15,COMMAND_RETURN_ROUTE_DELETE,52
364,16,COMMAND_RETURN_ROUTE_DELETE_COMPLETE,52
365,17,COMMAND_NODE_ADD_KEYS_REPORT,52
366,18,COMMAND_NODE_ADD_KEYS_SET,52
367,19,COMMAND_NODE_ADD_DSK_REPORT,52
368,20,COMMAND_NODE_ADD_DSK_SET,52
369,25,COMMAND_INCLUDED_NIF_REPORT,52
370,21,COMMAND_SMART_START_JOIN_STARTED_REPORT,52
371,1,LAST_WORKING_ROUTE_SET,103
372,2,LAST_WORKING_ROUTE_GET,103
373,3,LAST_WORKING_ROUTE_REPORT,103
374,4,STATISTICS_GET,103
375,5,STATISTICS_REPORT,103
376,6,STATISTICS_CLEAR,103
377,7,COMMAND_RSSI_GET,103
378,8,COMMAND_RSSI_REPORT,103
379,1,COMMAND_CONTROLLER_CHANGE,84
380,2,COMMAND_CONTROLLER_CHANGE_STATUS,84
381,1,COMMAND_NODE_LIST_GET,82
382,2,COMMAND_NODE_LIST_REPORT,82
383,3,COMMAND_NODE_INFO_CACHED_GET,82
384,4,COMMAND_NODE_INFO_CACHED_REPORT,82
385,5,NM_MULTI_CHANNEL_END_POINT_GET,82
386,6,NM_MULTI_CHANNEL_END_POINT_REPORT,82
387,7,NM_MULTI_CHANNEL_CAPABILITY_GET,82
388,8,NM_MULTI_CHANNEL_CAPABILITY_REPORT,82
389,9,NM_MULTI_CHANNEL_AGGREGATED_MEMBERS_GET,82
390,10,NM_MULTI_CHANNEL_AGGREGATED_MEMBERS_REPORT,82
391,11,COMMAND_FAILED_NODE_LIST_GET,82
392,12,COMMAND_FAILED_NODE_LIST_REPORT,82
393,1,NODE_NAMING_NODE_NAME_SET,119
394,2,NODE_NAMING_NODE_NAME_GET,119
395,3,NODE_NAMING_NODE_NAME_REPORT,119
396,4,NODE_NAMING_NODE_LOCATION_SET,119
397,5,NODE_NAMING_NODE_LOCATION_GET,119
398,6,NODE_NAMING_NODE_LOCATION_REPORT,119
399,1,COMMAND_NODE_PROVISIONING_SET,120
400,2,COMMAND_NODE_PROVISIONING_DELETE,120
401,5,COMMAND_NODE_PROVISIONING_GET,120
402,6,COMMAND_NODE_PROVISIONING_REPORT,120
403,3,COMMAND_NODE_PROVISIONING_LIST_ITERATION_GET,120
404,4,COMMAND_NODE_PROVISIONING_LIST_ITERATION_REPORT,120
405,1,EVENT_SUPPORTED_GET,113
406,2,EVENT_SUPPORTED_REPORT,113
407,4,NOTIFICATION_GET,113
408,5,NOTIFICATION_REPORT,113
409,6,NOTIFICATION_SET,113
410,7,NOTIFICATION_SUPPORTED_GET,113
411,8,NOTIFICATION_SUPPORTED_REPORT,113
412,1,POWERLEVEL_SET,115
413,2,POWERLEVEL_GET,115
414,3,POWERLEVEL_REPORT,115
415,4,POWERLEVEL_TEST_NODE_SET,115
416,5,POWERLEVEL_TEST_NODE_GET,115
417,6,POWERLEVEL_TEST_NODE_REPORT,115
418,1,PREPAYMENT_BALANCE_GET,63
419,2,PREPAYMENT_BALANCE_REPORT,63
420,3,PREPAYMENT_SUPPORTED_GET,63
421,4,PREPAYMENT_SUPPORTED_REPORT,63
422,1,CMD_ENCAPSULATION,65
423,1,PROPRIETARY_SET,136
424,2,PROPRIETARY_GET,136
425,3,PROPRIETARY_REPORT,136
426,1,PROTECTION_SET,117
427,2,PROTECTION_GET,117
428,3,PROTECTION_REPORT,117
429,4,PROTECTION_SUPPORTED_GET,117
430,5,PROTECTION_SUPPORTED_REPORT,117
431,6,PROTECTION_EC_SET,117
432,7,PROTECTION_EC_GET,117
433,8,PROTECTION_EC_REPORT,117
434,9,PROTECTION_TIMEOUT_SET,117
435,10,PROTECTION_TIMEOUT_GET,117
436,11,PROTECTION_TIMEOUT_REPORT,117
437,4,METER_PULSE_GET,53
438,5,METER_PULSE_REPORT,53
439,1,RATE_TBL_SET,72
440,2,RATE_TBL_REMOVE,72
441,1,RATE_TBL_SUPPORTED_GET,73
442,2,RATE_TBL_SUPPORTED_REPORT,73
443,3,RATE_TBL_GET,73
444,4,RATE_TBL_REPORT,73
445,5,RATE_TBL_ACTIVE_RATE_GET,73
446,6,RATE_TBL_ACTIVE_RATE_REPORT,73
447,7,RATE_TBL_CURRENT_DATA_GET,73
448,8,RATE_TBL_CURRENT_DATA_REPORT,73
449,9,RATE_TBL_HISTORICAL_DATA_GET,73
450,10,RATE_TBL_HISTORICAL_DATA_REPORT,73
451,1,REMOTE_ASSOCIATION_ACTIVATE,124
452,1,REMOTE_ASSOCIATION_CONFIGURATION_SET,125
453,2,REMOTE_ASSOCIATION_CONFIGURATION_GET,125
454,3,REMOTE_ASSOCIATION_CONFIGURATION_REPORT,125
455,1,SCENE_ACTIVATION_SET,43
456,1,SCENE_ACTUATOR_CONF_SET,44
457,2,SCENE_ACTUATOR_CONF_GET,44
458,3,SCENE_ACTUATOR_CONF_REPORT,44
459,1,SCENE_CONTROLLER_CONF_SET,45
460,2,SCENE_CONTROLLER_CONF_GET,45
461,3,SCENE_CONTROLLER_CONF_REPORT,45
462,1,SCHEDULE_SUPPORTED_GET,83
463,2,SCHEDULE_SUPPORTED_REPORT,83
464,3,SCHEDULE_SET,83
465,4,SCHEDULE_GET,83
466,5,SCHEDULE_REPORT,83
467,6,SCHEDULE_REMOVE,83
468,7,SCHEDULE_STATE_SET,83
469,8,SCHEDULE_STATE_GET,83
470,9,SCHEDULE_STATE_REPORT,83
471,10,SCHEDULE_SUPPORTED_COMMANDS_GET,83
472,11,SCHEDULE_SUPPORTED_COMMANDS_REPORT,83
473,1,SCHEDULE_ENTRY_LOCK_ENABLE_SET,78
474,2,SCHEDULE_ENTRY_LOCK_ENABLE_ALL_SET,78
475,3,SCHEDULE_ENTRY_LOCK_WEEK_DAY_SET,78
476,4,SCHEDULE_ENTRY_LOCK_WEEK_DAY_GET,78
477,5,SCHEDULE_ENTRY_LOCK_WEEK_DAY_REPORT,78
478,6,SCHEDULE_ENTRY_LOCK_YEAR_DAY_SET,78
479,7,SCHEDULE_ENTRY_LOCK_YEAR_DAY_GET,78
480,8,SCHEDULE_ENTRY_LOCK_YEAR_DAY_REPORT,78
481,9,SCHEDULE_ENTRY_TYPE_SUPPORTED_GET,78
482,10,SCHEDULE_ENTRY_TYPE_SUPPORTED_REPORT,78
483,11,SCHEDULE_ENTRY_LOCK_TIME_OFFSET_GET,78
484,12,SCHEDULE_ENTRY_LOCK_TIME_OFFSET_REPORT,78
485,13,SCHEDULE_ENTRY_LOCK_TIME_OFFSET_SET,78
486,14,SCHEDULE_ENTRY_LOCK_DAILY_REPEATING_GET,78
487,15,SCHEDULE_ENTRY_LOCK_DAILY_REPEATING_REPORT,78
488,16,SCHEDULE_ENTRY_LOCK_DAILY_REPEATING_SET,78
489,1,SCREEN_ATTRIBUTES_GET,147
490,2,SCREEN_ATTRIBUTES_REPORT,147
491,1,SCREEN_MD_GET,146
492,2,SCREEN_MD_REPORT,146
493,2,SECURITY_COMMANDS_SUPPORTED_GET,152
494,3,SECURITY_COMMANDS_SUPPORTED_REPORT,152
495,4,SECURITY_SCHEME_GET,152
496,5,SECURITY_SCHEME_REPORT,152
497,6,NETWORK_KEY_SET,152
498,7,NETWORK_KEY_VERIFY,152
499,8,SECURITY_SCHEME_INHERIT,152
500,64,SECURITY_NONCE_GET,152
501,128,SECURITY_NONCE_REPORT,152
502,129,SECURITY_MESSAGE_ENCAPSULATION,152
503,193,SECURITY_MESSAGE_ENCAPSULATION_NONCE_GET,152
504,1,SECURITY_2_NONCE_GET,159
505,2,SECURITY_2_NONCE_REPORT,159
506,3,SECURITY_2_MESSAGE_ENCAPSULATION,159
507,4,KEX_GET,159
508,5,KEX_REPORT,159
509,6,KEX_SET,159
510,7,KEX_FAIL,159
511,8,PUBLIC_KEY_REPORT,159
512,9,SECURITY_2_NETWORK_KEY_GET,159
513,10,SECURITY_2_NETWORK_KEY_REPORT,159
514,11,SECURITY_2_NETWORK_KEY_VERIFY,159
515,12,SECURITY_2_TRANSFER_END,159
516,13,SECURITY_2_COMMANDS_SUPPORTED_GET,159
517,14,SECURITY_2_COMMANDS_SUPPORTED_REPORT,159
518,1,SENSOR_TRIGGER_LEVEL_SET,158
519,2,SENSOR_TRIGGER_LEVEL_GET,158
520,3,SENSOR_TRIGGER_LEVEL_REPORT,158
521,1,SIMPLE_AV_CONTROL_SET,148
522,2,SIMPLE_AV_CONTROL_GET,148
523,3,SIMPLE_AV_CONTROL_REPORT,148
524,4,SIMPLE_AV_CONTROL_SUPPORTED_GET,148
525,5,SIMPLE_AV_CONTROL_SUPPORTED_REPORT,148
526,1,SOUND_SWITCH_TONES_NUMBER_GET,121
527,2,SOUND_SWITCH_TONES_NUMBER_REPORT,121
528,3,SOUND_SWITCH_TONE_INFO_GET,121
529,4,SOUND_SWITCH_TONE_INFO_REPORT,121
530,5,SOUND_SWITCH_CONFIGURATION_SET,121
531,6,SOUND_SWITCH_CONFIGURATION_GET,121
532,7,SOUND_SWITCH_CONFIGURATION_REPORT,121
533,8,SOUND_SWITCH_TONE_PLAY_SET,121
534,9,SOUND_SWITCH_TONE_PLAY_GET,121
535,10,SOUND_SWITCH_TONE_PLAY_REPORT,121
536,1,SUPERVISION_GET,108
537,2,SUPERVISION_REPORT,108
538,1,TARIFF_TBL_SUPPLIER_SET,74
539,2,TARIFF_TBL_SET,74
540,3,TARIFF_TBL_REMOVE,74
541,1,TARIFF_TBL_SUPPLIER_GET,75
542,2,TARIFF_TBL_SUPPLIER_REPORT,75
543,3,TARIFF_TBL_GET,75
544,4,TARIFF_TBL_REPORT,75
545,5,TARIFF_TBL_COST_GET,75
546,6,TARIFF_TBL_COST_REPORT,75
547,1,THERMOSTAT_FAN_MODE_SET,68
548,2,THERMOSTAT_FAN_MODE_GET,68
549,3,THERMOSTAT_FAN_MODE_REPORT,68
550,4,THERMOSTAT_FAN_MODE_SUPPORTED_GET,68
551,5,THERMOSTAT_FAN_MODE_SUPPORTED_REPORT,68
552,2,THERMOSTAT_FAN_STATE_GET,69
553,3,THERMOSTAT_FAN_STATE_REPORT,69
554,1,THERMOSTAT_MODE_SET,64
555,2,THERMOSTAT_MODE_GET,64
556,3,THERMOSTAT_MODE_REPORT,64
557,4,THERMOSTAT_MODE_SUPPORTED_GET,64
558,5,THERMOSTAT_MODE_SUPPORTED_REPORT,64
559,2,THERMOSTAT_OPERATING_STATE_GET,66
560,3,THERMOSTAT_OPERATING_STATE_REPORT,66
561,1,THERMOSTAT_OPERATING_STATE_LOGGING_SUPPORTED_GET,66
562,4,THERMOSTAT_OPERATING_LOGGING_SUPPORTED_REPORT,66
563,5,THERMOSTAT_OPERATING_STATE_LOGGING_GET,66
564,6,THERMOSTAT_OPERATING_STATE_LOGGING_REPORT,66
565,1,THERMOSTAT_SETBACK_SET,71
566,2,THERMOSTAT_SETBACK_GET,71
567,3,THERMOSTAT_SETBACK_REPORT,71
568,1,THERMOSTAT_SETPOINT_SET,67
569,2,THERMOSTAT_SETPOINT_GET,67
570,3,THERMOSTAT_SETPOINT_REPORT,67
571,4,THERMOSTAT_SETPOINT_SUPPORTED_GET,67
572,5,THERMOSTAT_SETPOINT_SUPPORTED_REPORT,67
573,9,THERMOSTAT_SETPOINT_CAPABILITIES_GET,67
574,10,THERMOSTAT_SETPOINT_CAPABILITIES_REPORT,67
575,1,TIME_GET,138
576,2,TIME_REPORT,138
577,3,DATE_GET,138
578,4,DATE_REPORT,138
579,5,TIME_OFFSET_SET,138
580,6,TIME_OFFSET_GET,138
581,7,TIME_OFFSET_REPORT,138
582,1,TIME_PARAMETERS_SET,139
583,2,TIME_PARAMETERS_GET,139
584,3,TIME_PARAMETERS_REPORT,139
585,192,COMMAND_FIRST_FRAGMENT,85
586,232,COMMAND_FRAGMENT_COMPLETE,85
587,200,COMMAND_FRAGMENT_REQUEST,85
588,240,COMMAND_FRAGMENT_WAIT,85
589,224,COMMAND_SUBSEQUENT_FRAGMENT,85
590,1,USER_CODE_SET,99
591,2,USER_CODE_GET,99
592,3,USER_CODE_REPORT,99
593,4,USERS_NUMBER_GET,99
594,5,USERS_NUMBER_REPORT,99
595,6,USER_CODE_CAPABILITIES_GET,99
596,7,USER_CODE_CAPABILITIES_REPORT,99
597,8,USER_CODE_KEYPAD_MODE_SET,99
598,9,USER_CODE_KEYPAD_MODE_GET,99
599,10,USER_CODE_KEYPAD_MODE_REPORT,99
600,11,EXTENDED_USER_CODE_SET,99
601,12,EXTENDED_USER_CODE_GET,99
602,13,EXTENDED_USER_CODE_REPORT,99
603,14,MASTER_CODE_SET,99
604,15,MASTER_CODE_GET,99
605,16,MASTER_CODE_REPORT,99
606,17,USER_CODE_CHECKSUM_GET,99
607,18,USER_CODE_CHECKSUM_REPORT,99
608,17,VERSION_GET,134
609,18,VERSION_REPORT,134
610,19,VERSION_COMMAND_CLASS_GET,134
611,20,VERSION_COMMAND_CLASS_REPORT,134
612,21,VERSION_CAPABILITIES_GET,134
613,22,VERSION_CAPABILITIES_REPORT,134
614,23,VERSION_ZWAVE_SOFTWARE_GET,134
615,24,VERSION_ZWAVE_SOFTWARE_REPORT,134
616,4,WAKE_UP_INTERVAL_SET,132
617,5,WAKE_UP_INTERVAL_GET,132
618,6,WAKE_UP_INTERVAL_REPORT,132
619,7,WAKE_UP_NOTIFICATION,132
620,8,WAKE_UP_NO_MORE_INFORMATION,132
621,9,WAKE_UP_INTERVAL_CAPABILITIES_GET,132
622,10,WAKE_UP_INTERVAL_CAPABILITIES_REPORT,132
623,1,WINDOW_COVERING_SUPPORTED_GET,106
624,2,WINDOW_COVERING_SUPPORTED_REPORT,106
625,3,WINDOW_COVERING_GET,106
626,4,WINDOW_COVERING_REPORT,106
627,5,WINDOW_COVERING_SET,106
628,6,WINDOW_COVERING_START_LEVEL_CHANGE,106
629,7,WINDOW_COVERING_STOP_LEVEL_CHANGE,106
630,2,COMMAND_ZIP_PACKET,35
631,3,COMMAND_ZIP_KEEP_ALIVE,35
632,1,GATEWAY_MODE_SET,95
633,2,GATEWAY_MODE_GET,95
634,3,GATEWAY_MODE_REPORT,95
635,4,GATEWAY_PEER_SET,95
636,5,GATEWAY_PEER_GET,95
637,6,GATEWAY_PEER_REPORT,95
638,7,GATEWAY_LOCK_SET,95
639,8,UNSOLICITED_DESTINATION_SET,95
640,9,UNSOLICITED_DESTINATION_GET,95
641,10,UNSOLICITED_DESTINATION_REPORT,95
642,11,COMMAND_APPLICATION_NODE_INFO_SET,95
643,12,COMMAND_APPLICATION_NODE_INFO_GET,95
644,13,COMMAND_APPLICATION_NODE_INFO_REPORT,95
645,1,ZIP_NAMING_NAME_SET,104
646,2,ZIP_NAMING_NAME_GET,104
647,3,ZIP_NAMING_NAME_REPORT,104
648,4,ZIP_NAMING_LOCATION_SET,104
649,5,ZIP_NAMING_LOCATION_GET,104
650,6,ZIP_NAMING_LOCATION_REPORT,104
651,1,ZIP_NODE_ADVERTISEMENT,88
652,3,ZIP_NODE_SOLICITATION,88
653,4,ZIP_INV_NODE_SOLICITATION,88
654,1,GATEWAY_CONFIGURATION_SET,97
655,2,GATEWAY_CONFIGURATION_STATUS,97
656,3,GATEWAY_CONFIGURATION_GET,97
657,4,GATEWAY_CONFIGURATION_REPORT,97
658,1,ZWAVEPLUS_INFO_GET,94
659,2,ZWAVEPLUS_INFO_REPORT,94